#node1	node2	node1_string_id	node2_string_id	neighborhood_on_chromosome	gene_fusion	phylogenetic_cooccurrence	homology	coexpression	experimentally_determined_interaction	database_annotated	automated_textmining	combined_score
ABCB6	SALL2	9606.ENSP00000265316	9606.ENSP00000483562	0	0	0	0	0.061	0	0	0.438	0.450
ACAP1	BIN1	9606.ENSP00000158762	9606.ENSP00000316779	0	0	0	0	0.108	0.053	0	0.376	0.427
ACAP1	SEPTIN1	9606.ENSP00000158762	9606.ENSP00000324511	0	0	0	0	0.347	0	0	0.323	0.539
ACAP1	MAP4K1	9606.ENSP00000158762	9606.ENSP00000465039	0	0	0	0	0.479	0	0	0.228	0.581
ACSM1	CACNG1	9606.ENSP00000301956	9606.ENSP00000226021	0	0	0	0	0.054	0	0	0.506	0.512
ADGRG1	TUBB2B	9606.ENSP00000455215	9606.ENSP00000259818	0	0	0	0	0	0	0	0.418	0.418
AKR1C2	HSD17B3	9606.ENSP00000370129	9606.ENSP00000364412	0	0	0	0	0.103	0	0	0.741	0.758
AKR1C2	HSD17B6	9606.ENSP00000370129	9606.ENSP00000451406	0	0	0	0	0.086	0	0	0.612	0.630
ALDH18A1	CMPK2	9606.ENSP00000360268	9606.ENSP00000256722	0.284	0	0	0	0	0	0	0.353	0.516
ALDH18A1	GRP	9606.ENSP00000360268	9606.ENSP00000256857	0.127	0	0	0	0	0	0	0.497	0.542
ALDH18A1	HTR5A	9606.ENSP00000360268	9606.ENSP00000287907	0	0	0	0	0	0	0	0.761	0.761
ALDH18A1	TAT	9606.ENSP00000360268	9606.ENSP00000348234	0.247	0	0	0	0.074	0	0	0.442	0.577
ALDH18A1	LARS2	9606.ENSP00000360268	9606.ENSP00000498867	0.308	0	0	0	0.155	0	0	0.055	0.400
ALDH18A1	RPL39L	9606.ENSP00000360268	9606.ENSP00000389356	0.264	0	0	0	0.045	0	0	0.302	0.466
ALDH18A1	GPR143	9606.ENSP00000360268	9606.ENSP00000417161	0.102	0	0	0	0.063	0	0.585	0.392	0.759
ALDH18A1	ASNS	9606.ENSP00000360268	9606.ENSP00000377845	0.055	0	0	0	0.308	0	0.673	0.657	0.917
ALG1	GMPPB	9606.ENSP00000262374	9606.ENSP00000309092	0.057	0	0	0	0.333	0.113	0.248	0.435	0.720
AMOT	PRKCZ	9606.ENSP00000361027	9606.ENSP00000367830	0	0	0	0	0	0.084	0.900	0.417	0.941
AMOT	AMOTL2	9606.ENSP00000361027	9606.ENSP00000424765	0	0	0	0.849	0.059	0.418	0.900	0.453	0.966
AMOTL2	PRKCZ	9606.ENSP00000424765	9606.ENSP00000367830	0	0	0	0	0.042	0.084	0.900	0.096	0.910
AMPD1	CKM	9606.ENSP00000430075	9606.ENSP00000221476	0	0	0	0	0.224	0	0	0.356	0.479
AMPD1	KHK	9606.ENSP00000430075	9606.ENSP00000260599	0	0	0	0	0.056	0	0	0.580	0.586
AMPD1	MYOZ1	9606.ENSP00000430075	9606.ENSP00000352272	0	0	0	0	0.616	0	0	0.308	0.723
AMPD1	ITPA	9606.ENSP00000430075	9606.ENSP00000369456	0.057	0	0	0	0	0	0.900	0.653	0.964
ANKH	PHOSPHO1	9606.ENSP00000284268	9606.ENSP00000406909	0	0	0	0	0.044	0	0	0.526	0.527
ANKRD28	SLC25A4	9606.ENSP00000382379	9606.ENSP00000281456	0	0	0	0	0.047	0.078	0	0.376	0.403
APLP1	CD200	9606.ENSP00000221891	9606.ENSP00000420298	0	0	0	0	0.067	0	0	0.425	0.440
APLP1	MME	9606.ENSP00000221891	9606.ENSP00000418525	0	0	0	0	0	0.064	0	0.593	0.602
ARTN	GFRA4	9606.ENSP00000387435	9606.ENSP00000313423	0	0	0	0	0.081	0	0.400	0.993	0.995
ARTN	PRKACG	9606.ENSP00000387435	9606.ENSP00000366488	0	0	0	0	0	0	0.400	0.103	0.438
ASCL1	GLI1	9606.ENSP00000266744	9606.ENSP00000228682	0	0	0	0	0.059	0.091	0	0.503	0.537
ASCL1	ISL1	9606.ENSP00000266744	9606.ENSP00000230658	0	0	0	0	0.068	0.071	0	0.672	0.692
ASCL1	CALB1	9606.ENSP00000266744	9606.ENSP00000265431	0	0	0	0	0.056	0	0	0.491	0.499
ASCL1	NR2F1	9606.ENSP00000266744	9606.ENSP00000325819	0	0	0	0	0.080	0.052	0	0.393	0.425
ASCL1	STMN2	9606.ENSP00000266744	9606.ENSP00000429243	0	0	0	0	0.109	0	0	0.399	0.442
ASCL1	POU4F2	9606.ENSP00000266744	9606.ENSP00000281321	0	0	0	0	0.067	0	0	0.430	0.446
ASCL1	FOXN4	9606.ENSP00000266744	9606.ENSP00000299162	0	0	0	0	0.123	0.071	0	0.492	0.550
ASCL1	SOX17	9606.ENSP00000266744	9606.ENSP00000297316	0	0	0	0	0	0	0	0.591	0.591
ASCL1	DCX	9606.ENSP00000266744	9606.ENSP00000490614	0	0	0	0	0.086	0	0	0.617	0.635
ASNS	TAT	9606.ENSP00000377845	9606.ENSP00000348234	0.042	0	0	0	0.048	0	0.275	0.251	0.438
ASNS	IL4I1	9606.ENSP00000377845	9606.ENSP00000472474	0	0	0	0	0.042	0	0.900	0.165	0.913
ATP10B	ATP8A2	9606.ENSP00000313600	9606.ENSP00000371070	0	0	0	0.823	0	0	0.540	0.212	0.622
ATRN	MC4R	9606.ENSP00000262919	9606.ENSP00000299766	0	0	0	0	0	0.070	0	0.867	0.871
BIN1	STAT1	9606.ENSP00000316779	9606.ENSP00000354394	0	0	0	0	0.044	0	0	0.400	0.401
BIN1	JPH2	9606.ENSP00000316779	9606.ENSP00000362071	0	0	0	0	0.049	0	0	0.680	0.683
BLK	LY9	9606.ENSP00000259089	9606.ENSP00000263285	0	0	0	0	0.251	0.062	0	0.225	0.408
BLK	MATK	9606.ENSP00000259089	9606.ENSP00000378485	0	0	0.110	0.808	0.129	0.307	0	0.051	0.422
BLK	CCR5	9606.ENSP00000259089	9606.ENSP00000292303	0	0	0	0	0.142	0	0	0.428	0.488
BLK	KCNJ11	9606.ENSP00000259089	9606.ENSP00000345708	0	0	0	0	0.048	0.043	0	0.523	0.527
BLK	FCRL3	9606.ENSP00000259089	9606.ENSP00000357169	0	0	0	0	0.254	0.081	0	0.405	0.557
BLMH	BPHL	9606.ENSP00000261714	9606.ENSP00000369739	0	0	0	0	0.044	0	0	0.485	0.486
BMP8B	OXCT1	9606.ENSP00000361915	9606.ENSP00000196371	0	0.029	0	0	0	0	0	0.588	0.588
BMP8B	PRDM16	9606.ENSP00000361915	9606.ENSP00000270722	0	0	0	0	0	0.045	0	0.541	0.542
BTG4	C3	9606.ENSP00000348300	9606.ENSP00000245907	0	0	0	0	0	0	0	0.417	0.416
C1orf194	TEKT2	9606.ENSP00000358965	9606.ENSP00000207457	0	0	0	0	0.191	0.817	0	0	0.846
C1orf194	MNS1	9606.ENSP00000358965	9606.ENSP00000260453	0	0	0	0	0.067	0.818	0	0.092	0.833
C1orf194	C8orf34	9606.ENSP00000358965	9606.ENSP00000427820	0	0	0	0	0.607	0	0	0	0.607
C3	IL13	9606.ENSP00000245907	9606.ENSP00000304915	0	0	0	0	0.098	0	0	0.367	0.404
C3	FCGR1A	9606.ENSP00000245907	9606.ENSP00000358165	0	0	0	0	0.069	0	0	0.419	0.436
C3	CXCL10	9606.ENSP00000245907	9606.ENSP00000305651	0	0	0	0	0.142	0	0	0.397	0.460
C3	NMUR1	9606.ENSP00000245907	9606.ENSP00000305877	0	0	0	0	0	0	0.500	0	0.499
C3	C6	9606.ENSP00000245907	9606.ENSP00000263413	0	0	0	0	0.124	0	0	0.459	0.505
C3	COLEC10	9606.ENSP00000245907	9606.ENSP00000332723	0	0	0	0	0.056	0	0.540	0.356	0.696
C3	ERVW-1	9606.ENSP00000245907	9606.ENSP00000419945	0	0	0	0	0	0.045	0	0.742	0.743
C3	CFB	9606.ENSP00000245907	9606.ENSP00000416561	0	0	0	0	0.374	0.987	0.900	0.999	0.999
C6	CFB	9606.ENSP00000263413	9606.ENSP00000416561	0	0	0	0	0.216	0	0	0.396	0.507
C6	SLC25A4	9606.ENSP00000263413	9606.ENSP00000281456	0	0	0	0	0.077	0	0.720	0	0.730
C9orf24	TEKT2	9606.ENSP00000297623	9606.ENSP00000207457	0	0	0	0	0.257	0	0	0.265	0.431
CACNG1	MYOD1	9606.ENSP00000226021	9606.ENSP00000250003	0	0	0	0	0.329	0	0	0.208	0.446
CACNG1	MYOZ1	9606.ENSP00000226021	9606.ENSP00000352272	0	0	0	0	0.475	0	0	0.054	0.482
CACNG1	PRKACG	9606.ENSP00000226021	9606.ENSP00000366488	0	0	0	0	0.048	0	0.650	0	0.652
CALB1	ISL1	9606.ENSP00000265431	9606.ENSP00000230658	0	0	0	0	0.043	0.100	0	0.489	0.522
CALB1	GRP	9606.ENSP00000265431	9606.ENSP00000256857	0	0	0	0	0.042	0.045	0	0.470	0.473
CALB1	POU4F2	9606.ENSP00000265431	9606.ENSP00000281321	0	0	0	0	0	0	0	0.518	0.518
CALB1	TECTB	9606.ENSP00000265431	9606.ENSP00000494896	0	0	0	0	0	0	0	0.666	0.666
CALB1	DCX	9606.ENSP00000265431	9606.ENSP00000490614	0	0	0	0	0	0	0	0.694	0.694
CCBE1	COLEC10	9606.ENSP00000497183	9606.ENSP00000332723	0	0	0	0	0.063	0	0	0.517	0.528
CCDC78	GMPPB	9606.ENSP00000293889	9606.ENSP00000309092	0	0	0	0	0	0	0	0.411	0.411
CCL1	CSF3	9606.ENSP00000225842	9606.ENSP00000225474	0	0	0	0	0.128	0	0	0.450	0.500
CCL1	IL33	9606.ENSP00000225842	9606.ENSP00000370842	0	0	0	0	0.083	0	0	0.402	0.428
CCL1	CCL23	9606.ENSP00000225842	9606.ENSP00000481357	0	0	0	0	0.074	0	0	0.596	0.609
CCL1	IL13	9606.ENSP00000225842	9606.ENSP00000304915	0	0	0	0	0.189	0	0	0.571	0.637
CCL1	CCL13	9606.ENSP00000225842	9606.ENSP00000225844	0	0	0	0.804	0.130	0	0.500	0.414	0.722
CCL1	XCR1	9606.ENSP00000225842	9606.ENSP00000310405	0	0	0	0	0	0	0.650	0.586	0.848
CCL1	CXCR3	9606.ENSP00000225842	9606.ENSP00000362795	0	0	0	0	0.048	0	0.650	0.637	0.868
CCL1	CXCL10	9606.ENSP00000225842	9606.ENSP00000305651	0	0	0	0	0.072	0	0.500	0.758	0.878
CCL1	CCR5	9606.ENSP00000225842	9606.ENSP00000292303	0	0	0	0	0.062	0	0.650	0.934	0.976
CCL1	CXCL11	9606.ENSP00000225842	9606.ENSP00000306884	0	0	0	0	0.062	0.994	0.500	0.624	0.998
CCL13	MMP12	9606.ENSP00000225844	9606.ENSP00000458585	0	0	0	0	0.192	0	0	0.305	0.415
CCL13	IL13	9606.ENSP00000225844	9606.ENSP00000304915	0	0	0	0	0.088	0	0	0.589	0.610
CCL13	XCR1	9606.ENSP00000225844	9606.ENSP00000310405	0	0	0	0	0.072	0	0.650	0.325	0.761
CCL13	CXCR3	9606.ENSP00000225844	9606.ENSP00000362795	0	0	0	0	0.063	0.287	0.650	0.634	0.903
CCL13	CCR5	9606.ENSP00000225844	9606.ENSP00000292303	0	0	0	0	0.195	0.287	0.650	0.985	0.996
CCL13	CXCL11	9606.ENSP00000225844	9606.ENSP00000306884	0	0	0	0	0.235	0.994	0.500	0.641	0.999
CCL13	CXCL10	9606.ENSP00000225844	9606.ENSP00000305651	0	0	0	0	0.258	0.994	0.500	0.679	0.999
CCL23	GNGT1	9606.ENSP00000481357	9606.ENSP00000248572	0	0	0	0	0.083	0	0.500	0	0.521
CCL23	CCR5	9606.ENSP00000481357	9606.ENSP00000292303	0	0	0	0	0.179	0	0	0.621	0.676
CCL23	CXCL10	9606.ENSP00000481357	9606.ENSP00000305651	0	0	0	0	0.145	0	0	0.572	0.618
CCL23	CXCL11	9606.ENSP00000481357	9606.ENSP00000306884	0	0	0	0	0.077	0	0	0.581	0.597
CCL23	MIPEP	9606.ENSP00000481357	9606.ENSP00000371607	0	0	0	0	0.042	0	0	0.488	0.488
CCND2	GLI1	9606.ENSP00000261254	9606.ENSP00000228682	0	0	0	0	0.047	0	0	0.484	0.487
CCND2	SRF	9606.ENSP00000261254	9606.ENSP00000265354	0	0	0	0	0.045	0	0	0.505	0.507
CCND2	GDF3	9606.ENSP00000261254	9606.ENSP00000331745	0	0	0	0	0.078	0	0	0.515	0.534
CCND2	CDC25C	9606.ENSP00000261254	9606.ENSP00000321656	0	0	0	0	0.055	0	0	0.594	0.600
CCND2	PCNA	9606.ENSP00000261254	9606.ENSP00000368458	0	0	0	0	0.044	0.630	0.900	0.290	0.971
CCND2	CDKN1A	9606.ENSP00000261254	9606.ENSP00000384849	0	0	0	0	0.100	0.994	0.900	0.787	0.999
CCR5	LAG3	9606.ENSP00000292303	9606.ENSP00000203629	0	0	0	0	0.171	0.091	0	0.678	0.736
CCR5	CSF3	9606.ENSP00000292303	9606.ENSP00000225474	0	0	0	0	0	0	0	0.472	0.472
CCR5	GNGT1	9606.ENSP00000292303	9606.ENSP00000248572	0	0	0	0	0	0.816	0.900	0.053	0.981
CCR5	ITGB7	9606.ENSP00000292303	9606.ENSP00000267082	0	0	0	0	0.157	0	0	0.398	0.471
CCR5	MIPEP	9606.ENSP00000292303	9606.ENSP00000371607	0	0	0	0	0	0	0	0.413	0.413
CCR5	IL33	9606.ENSP00000292303	9606.ENSP00000370842	0	0	0	0	0.082	0	0	0.393	0.419
CCR5	MX1	9606.ENSP00000292303	9606.ENSP00000381601	0	0	0	0	0.124	0	0	0.365	0.420
CCR5	PGR	9606.ENSP00000292303	9606.ENSP00000325120	0	0	0	0	0	0	0	0.429	0.429
CCR5	XCR1	9606.ENSP00000292303	9606.ENSP00000310405	0	0	0	0.841	0.154	0	0	0.359	0.434
CCR5	NCR3	9606.ENSP00000292303	9606.ENSP00000342156	0	0	0	0	0.111	0	0	0.394	0.438
CCR5	SLAMF1	9606.ENSP00000292303	9606.ENSP00000438406	0	0	0	0	0.257	0	0	0.290	0.450
CCR5	KLRC1	9606.ENSP00000292303	9606.ENSP00000438038	0	0	0	0	0.067	0	0	0.447	0.461
CCR5	CD52	9606.ENSP00000292303	9606.ENSP00000363330	0	0	0	0	0.242	0	0	0.322	0.464
CCR5	FCGR1A	9606.ENSP00000292303	9606.ENSP00000358165	0	0	0	0	0.222	0.098	0	0.448	0.579
CCR5	SIGLEC1	9606.ENSP00000292303	9606.ENSP00000341141	0	0	0	0	0.310	0.098	0	0.400	0.593
CCR5	IL13	9606.ENSP00000292303	9606.ENSP00000304915	0	0	0	0	0	0	0	0.654	0.654
CCR5	STAT1	9606.ENSP00000292303	9606.ENSP00000354394	0	0	0	0	0.104	0	0	0.690	0.710
CCR5	CXCR3	9606.ENSP00000292303	9606.ENSP00000362795	0	0	0	0.824	0.181	0	0.500	0.962	0.983
CCR5	CXCL11	9606.ENSP00000292303	9606.ENSP00000306884	0	0	0	0	0.206	0	0.650	0.970	0.990
CCR5	ERVW-1	9606.ENSP00000292303	9606.ENSP00000419945	0	0	0	0	0	0	0	0.996	0.996
CCR5	CXCL10	9606.ENSP00000292303	9606.ENSP00000305651	0	0	0	0	0.209	0	0.650	0.997	0.999
CD200	LAG3	9606.ENSP00000420298	9606.ENSP00000203629	0	0	0	0	0.042	0	0	0.479	0.479
CD200	CD96	9606.ENSP00000420298	9606.ENSP00000283285	0	0	0.314	0	0.056	0	0	0.332	0.529
CD200	MME	9606.ENSP00000420298	9606.ENSP00000418525	0	0	0	0	0	0	0	0.674	0.674
CD24	CEACAM6	9606.ENSP00000481841	9606.ENSP00000199764	0	0	0	0	0.176	0	0	0.321	0.417
CD24	GLI1	9606.ENSP00000481841	9606.ENSP00000228682	0	0	0	0	0	0	0	0.480	0.480
CD24	CDH2	9606.ENSP00000481841	9606.ENSP00000269141	0	0	0	0	0	0	0	0.596	0.596
CD24	XCR1	9606.ENSP00000481841	9606.ENSP00000310405	0	0	0	0	0.086	0	0	0.470	0.494
CD24	PGR	9606.ENSP00000481841	9606.ENSP00000325120	0	0	0	0	0	0	0	0.585	0.585
CD24	FCGR1A	9606.ENSP00000481841	9606.ENSP00000358165	0	0	0	0	0	0	0	0.576	0.576
CD24	CXCR3	9606.ENSP00000481841	9606.ENSP00000362795	0	0	0	0	0	0	0	0.419	0.418
CD24	MME	9606.ENSP00000481841	9606.ENSP00000418525	0	0	0	0	0.086	0	0	0.621	0.638
CD24	SLAMF1	9606.ENSP00000481841	9606.ENSP00000438406	0	0	0	0	0	0	0	0.621	0.621
CD248	LOXL1	9606.ENSP00000308117	9606.ENSP00000261921	0	0	0	0	0.228	0	0	0.265	0.409
CD248	LGALS3BP	9606.ENSP00000308117	9606.ENSP00000262776	0	0	0	0	0.044	0.326	0	0.484	0.638
CD248	CDC7	9606.ENSP00000308117	9606.ENSP00000393139	0	0	0	0	0.067	0.071	0	0.455	0.487
CD52	CEACAM5	9606.ENSP00000363330	9606.ENSP00000221992	0	0	0	0	0.055	0	0.400	0.203	0.508
CD52	CD96	9606.ENSP00000363330	9606.ENSP00000283285	0	0	0	0	0.246	0	0	0.264	0.421
CD52	SEPTIN1	9606.ENSP00000363330	9606.ENSP00000324511	0	0	0	0	0.520	0	0	0	0.520
CD96	LAG3	9606.ENSP00000283285	9606.ENSP00000203629	0	0	0	0	0.182	0	0	0.725	0.765
CD96	LY9	9606.ENSP00000283285	9606.ENSP00000263285	0	0	0	0	0.262	0	0	0.233	0.410
CD96	COLEC10	9606.ENSP00000283285	9606.ENSP00000332723	0	0	0	0	0	0	0	0.571	0.571
CD96	NECTIN3	9606.ENSP00000283285	9606.ENSP00000418070	0	0	0	0.556	0.049	0	0	0.614	0.617
CD96	KLRC1	9606.ENSP00000283285	9606.ENSP00000438038	0	0	0	0	0.119	0	0	0.759	0.778
CD96	NCR3	9606.ENSP00000283285	9606.ENSP00000342156	0	0	0	0	0.149	0	0	0.776	0.801
CDC25C	FBXO5	9606.ENSP00000321656	9606.ENSP00000229758	0	0	0	0	0.241	0	0	0.244	0.401
CDC25C	RHOC	9606.ENSP00000321656	9606.ENSP00000285735	0	0	0	0	0	0.045	0.500	0.066	0.515
CDC25C	FEN1	9606.ENSP00000321656	9606.ENSP00000305480	0	0	0	0	0.273	0	0	0.244	0.427
CDC25C	ZWINT	9606.ENSP00000321656	9606.ENSP00000363055	0	0	0	0	0.382	0	0	0.248	0.515
CDC25C	MKI67	9606.ENSP00000321656	9606.ENSP00000357643	0	0	0	0	0.456	0	0	0.235	0.567
CDC25C	CEP55	9606.ENSP00000321656	9606.ENSP00000360540	0	0	0	0	0.471	0	0	0.248	0.585
CDC25C	CDC7	9606.ENSP00000321656	9606.ENSP00000393139	0	0	0	0	0.165	0.071	0	0.575	0.642
CDC25C	PCNA	9606.ENSP00000321656	9606.ENSP00000368458	0	0	0	0	0.288	0.510	0	0.155	0.679
CDC25C	CDKN1A	9606.ENSP00000321656	9606.ENSP00000384849	0	0	0	0	0.110	0	0	0.657	0.681
CDC25C	HMMR	9606.ENSP00000321656	9606.ENSP00000377492	0	0	0	0	0.654	0	0	0.223	0.720
CDC25C	PRKACG	9606.ENSP00000321656	9606.ENSP00000366488	0	0	0	0	0	0	0.900	0.178	0.914
CDC42EP5	SEPTIN1	9606.ENSP00000301200	9606.ENSP00000324511	0	0	0	0	0.042	0	0	0.447	0.447
CDC42EP5	LENG9	9606.ENSP00000301200	9606.ENSP00000479355	0	0	0	0	0.063	0	0	0.636	0.644
CDC7	FBXO5	9606.ENSP00000393139	9606.ENSP00000229758	0	0	0	0	0.429	0	0	0.167	0.504
CDC7	TIPIN	9606.ENSP00000393139	9606.ENSP00000261881	0	0	0	0	0.162	0.127	0	0.727	0.782
CDC7	FEN1	9606.ENSP00000393139	9606.ENSP00000305480	0	0	0	0	0.331	0	0	0.363	0.556
CDC7	ZWINT	9606.ENSP00000393139	9606.ENSP00000363055	0	0	0	0	0.326	0	0	0.189	0.430
CDC7	MCM8	9606.ENSP00000393139	9606.ENSP00000368164	0	0	0	0	0.149	0.557	0.500	0.445	0.881
CDC7	PCNA	9606.ENSP00000393139	9606.ENSP00000368458	0	0	0	0	0.266	0.171	0	0.102	0.406
CDC7	E2F6	9606.ENSP00000393139	9606.ENSP00000370936	0	0	0	0	0.062	0	0.500	0.304	0.645
CDC7	CDKN1A	9606.ENSP00000393139	9606.ENSP00000384849	0	0	0	0	0	0.689	0	0.543	0.851
CDC7	PTPRK	9606.ENSP00000393139	9606.ENSP00000432973	0	0	0	0	0.042	0	0	0.430	0.430
CDH2	GLI1	9606.ENSP00000269141	9606.ENSP00000228682	0	0	0	0	0	0	0	0.476	0.476
CDH2	THBS1	9606.ENSP00000269141	9606.ENSP00000260356	0	0	0	0	0.059	0.071	0	0.563	0.585
CDH2	CDH20	9606.ENSP00000269141	9606.ENSP00000262717	0	0	0.094	0.791	0.087	0	0.540	0.637	0.843
CDH2	CELSR1	9606.ENSP00000269141	9606.ENSP00000262738	0	0	0	0.606	0.048	0	0	0.454	0.458
CDH2	ITGB7	9606.ENSP00000269141	9606.ENSP00000267082	0	0	0	0	0.068	0.062	0	0.379	0.410
CDH2	WNT11	9606.ENSP00000269141	9606.ENSP00000325526	0	0	0	0	0.074	0.070	0	0.366	0.406
CDH2	LOXL2	9606.ENSP00000269141	9606.ENSP00000373783	0	0	0	0	0.137	0.066	0	0.333	0.416
CDH2	CDKN1A	9606.ENSP00000269141	9606.ENSP00000384849	0	0	0	0	0	0	0	0.425	0.425
CDH2	SOD2	9606.ENSP00000269141	9606.ENSP00000446252	0	0	0	0	0	0	0	0.437	0.437
CDH2	PGR	9606.ENSP00000269141	9606.ENSP00000325120	0	0	0	0	0	0	0	0.451	0.451
CDH2	RHOC	9606.ENSP00000269141	9606.ENSP00000285735	0	0	0	0	0	0.204	0	0.368	0.475
CDH2	NECTIN3	9606.ENSP00000269141	9606.ENSP00000418070	0	0	0	0	0.110	0.045	0	0.445	0.488
CDH2	HMMR	9606.ENSP00000269141	9606.ENSP00000377492	0	0	0	0	0.103	0.046	0	0.478	0.514
CDH2	ROBO2	9606.ENSP00000269141	9606.ENSP00000417335	0	0	0	0	0.074	0	0	0.558	0.573
CDH2	FGF16	9606.ENSP00000269141	9606.ENSP00000399324	0	0	0	0	0.058	0	0	0.880	0.882
CDH2	FGF9	9606.ENSP00000269141	9606.ENSP00000371790	0	0	0	0	0.058	0	0	0.880	0.882
CDKN1A	MYOD1	9606.ENSP00000384849	9606.ENSP00000250003	0	0	0	0	0	0	0	0.444	0.444
CDKN1A	THBS1	9606.ENSP00000384849	9606.ENSP00000260356	0	0	0	0	0.129	0.045	0	0.456	0.508
CDKN1A	FEN1	9606.ENSP00000384849	9606.ENSP00000305480	0	0	0	0	0.098	0	0	0.569	0.594
CDKN1A	PGR	9606.ENSP00000384849	9606.ENSP00000325120	0	0	0	0	0	0.292	0	0.397	0.555
CDKN1A	DNMT3B	9606.ENSP00000384849	9606.ENSP00000328547	0	0	0	0	0.057	0	0	0.441	0.450
CDKN1A	STAT1	9606.ENSP00000384849	9606.ENSP00000354394	0	0	0	0	0.105	0	0.400	0.599	0.765
CDKN1A	MKI67	9606.ENSP00000384849	9606.ENSP00000357643	0	0	0	0	0	0	0	0.418	0.418
CDKN1A	ID1	9606.ENSP00000384849	9606.ENSP00000365280	0	0	0	0	0.067	0	0	0.401	0.417
CDKN1A	PCNA	9606.ENSP00000384849	9606.ENSP00000368458	0	0	0	0	0.104	0.999	0.900	0.249	0.999
CDKN1A	PERP	9606.ENSP00000384849	9606.ENSP00000397157	0	0	0	0	0.047	0	0	0.418	0.422
CEACAM5	CEACAM6	9606.ENSP00000221992	9606.ENSP00000199764	0	0	0.050	0.978	0.460	0.188	0	0.385	0.710
CEACAM5	LAG3	9606.ENSP00000221992	9606.ENSP00000203629	0	0	0	0	0	0.126	0	0.350	0.408
CEACAM5	LGALS3BP	9606.ENSP00000221992	9606.ENSP00000262776	0	0	0	0	0	0.125	0	0.359	0.415
CEACAM5	RTN4RL1	9606.ENSP00000221992	9606.ENSP00000330631	0	0	0	0	0	0.095	0.400	0.047	0.437
CEACAM5	MDGA2	9606.ENSP00000221992	9606.ENSP00000405456	0	0	0	0.559	0	0.126	0.400	0.042	0.453
CEACAM5	TECTB	9606.ENSP00000221992	9606.ENSP00000494896	0	0	0	0	0	0	0.400	0.273	0.545
CEACAM5	MME	9606.ENSP00000221992	9606.ENSP00000418525	0	0	0	0	0	0	0	0.572	0.572
CEACAM5	ERVW-1	9606.ENSP00000221992	9606.ENSP00000419945	0	0	0	0	0	0	0	0.583	0.583
CEACAM5	SERPINB5	9606.ENSP00000221992	9606.ENSP00000372221	0	0	0	0	0.083	0	0	0.584	0.602
CEACAM5	PGR	9606.ENSP00000221992	9606.ENSP00000325120	0	0	0	0	0.042	0	0	0.623	0.623
CEACAM5	GRP	9606.ENSP00000221992	9606.ENSP00000256857	0	0	0	0	0.068	0	0	0.697	0.705
CEACAM6	MME	9606.ENSP00000199764	9606.ENSP00000418525	0	0	0	0	0.099	0.045	0	0.384	0.423
CEACAM6	LAMB3	9606.ENSP00000199764	9606.ENSP00000375778	0	0	0	0	0.107	0.071	0	0.394	0.454
CEACAM6	FCGR1A	9606.ENSP00000199764	9606.ENSP00000358165	0	0	0	0	0.083	0	0	0.442	0.466
CEACAM6	TCN1	9606.ENSP00000199764	9606.ENSP00000257264	0	0	0	0	0.297	0.046	0	0.312	0.498
CELSR1	WNT11	9606.ENSP00000262738	9606.ENSP00000325526	0	0	0	0	0	0	0	0.446	0.446
CEP55	FBXO5	9606.ENSP00000360540	9606.ENSP00000229758	0	0	0	0	0.442	0	0	0.183	0.524
CEP55	TEX14	9606.ENSP00000360540	9606.ENSP00000240361	0	0	0	0	0	0.938	0	0.691	0.980
CEP55	FEN1	9606.ENSP00000360540	9606.ENSP00000305480	0	0	0	0	0.464	0	0	0.085	0.489
CEP55	MKI67	9606.ENSP00000360540	9606.ENSP00000357643	0	0	0	0	0.825	0	0	0.473	0.904
CEP55	ZWINT	9606.ENSP00000360540	9606.ENSP00000363055	0	0	0	0	0.781	0	0	0.418	0.867
CEP55	HMMR	9606.ENSP00000360540	9606.ENSP00000377492	0	0	0	0	0.873	0	0	0.443	0.926
CFAP300	PPIL6	9606.ENSP00000414390	9606.ENSP00000392257	0	0	0	0	0.166	0.076	0	0.367	0.469
CFB	CXCL10	9606.ENSP00000416561	9606.ENSP00000305651	0	0	0	0	0.215	0	0	0.271	0.403
CFB	SLC14A1	9606.ENSP00000416561	9606.ENSP00000390637	0	0	0	0	0	0	0	0.648	0.648
CKM	MYOD1	9606.ENSP00000221476	9606.ENSP00000250003	0	0	0	0	0.166	0.069	0	0.581	0.646
CKM	MYOZ1	9606.ENSP00000221476	9606.ENSP00000352272	0	0	0	0	0.623	0	0	0.261	0.709
CKM	MYH1	9606.ENSP00000221476	9606.ENSP00000226207	0	0	0	0	0.736	0.045	0	0.325	0.815
CKM	SLN	9606.ENSP00000221476	9606.ENSP00000435380	0	0	0	0	0.792	0	0	0.152	0.816
CLDN9	MARVELD2	9606.ENSP00000398017	9606.ENSP00000323264	0	0	0	0	0.051	0	0	0.450	0.456
CMPK2	OAS3	9606.ENSP00000256722	9606.ENSP00000228928	0	0	0	0	0.561	0	0	0.397	0.724
CMPK2	ITPA	9606.ENSP00000256722	9606.ENSP00000369456	0.057	0	0	0	0	0.085	0	0.369	0.408
CMPK2	SIGLEC1	9606.ENSP00000256722	9606.ENSP00000341141	0	0	0	0	0.297	0	0	0.207	0.419
CMPK2	SLFN13	9606.ENSP00000256722	9606.ENSP00000285013	0	0	0	0	0.116	0	0	0.412	0.458
CMPK2	CXCL10	9606.ENSP00000256722	9606.ENSP00000305651	0	0	0	0	0.286	0	0	0.317	0.491
CMPK2	GBP4	9606.ENSP00000256722	9606.ENSP00000359490	0	0	0	0	0.282	0	0	0.376	0.533
CMPK2	GBP1	9606.ENSP00000256722	9606.ENSP00000359504	0	0	0	0	0.246	0	0	0.412	0.538
CMPK2	STAT1	9606.ENSP00000256722	9606.ENSP00000354394	0	0	0	0	0.438	0	0	0.314	0.599
CMPK2	HERC5	9606.ENSP00000256722	9606.ENSP00000264350	0	0	0	0	0.461	0	0	0.463	0.698
CMPK2	IFI44	9606.ENSP00000256722	9606.ENSP00000359783	0	0	0	0	0.581	0	0	0.520	0.790
CMPK2	MX1	9606.ENSP00000256722	9606.ENSP00000381601	0	0	0	0	0.579	0	0	0.571	0.811
CMPK2	EPSTI1	9606.ENSP00000256722	9606.ENSP00000318982	0	0	0	0	0.584	0	0	0.613	0.832
CMPK2	IFI44L	9606.ENSP00000256722	9606.ENSP00000359787	0	0	0	0	0.638	0	0	0.618	0.855
CMPK2	DDX60	9606.ENSP00000256722	9606.ENSP00000377344	0	0	0	0	0.762	0	0	0.550	0.889
CMPK2	RSAD2	9606.ENSP00000256722	9606.ENSP00000371471	0	0	0	0	0.889	0	0	0.799	0.976
CNFN	DMKN	9606.ENSP00000222032	9606.ENSP00000342012	0	0	0	0	0.210	0.052	0	0.302	0.432
CNFN	SPRR3	9606.ENSP00000222032	9606.ENSP00000330391	0	0	0	0	0.211	0	0	0.498	0.587
COL20A1	COL6A5	9606.ENSP00000351767	9606.ENSP00000265379	0	0	0	0.561	0	0	0.400	0.171	0.481
COL20A1	DEPTOR	9606.ENSP00000351767	9606.ENSP00000286234	0	0.462	0	0	0	0	0	0.064	0.475
COL6A5	THBS1	9606.ENSP00000265379	9606.ENSP00000260356	0	0	0	0	0.066	0.099	0.400	0.144	0.510
COL6A5	ITGB7	9606.ENSP00000265379	9606.ENSP00000267082	0	0	0	0	0.055	0.051	0.650	0.169	0.704
COLEC10	KIR3DL1	9606.ENSP00000332723	9606.ENSP00000375608	0	0	0	0	0.045	0	0	0.704	0.705
CPA6	CTRB1	9606.ENSP00000297770	9606.ENSP00000354294	0	0.002	0	0	0.297	0.126	0	0.332	0.554
CSAG3	CT47A4	9606.ENSP00000492276	9606.ENSP00000389513	0	0	0	0	0	0.292	0	0.507	0.636
CSF3	CXCR3	9606.ENSP00000225474	9606.ENSP00000362795	0	0	0	0	0	0	0	0.419	0.418
CSF3	MME	9606.ENSP00000225474	9606.ENSP00000418525	0	0	0	0	0.047	0	0	0.431	0.434
CSF3	SLAMF1	9606.ENSP00000225474	9606.ENSP00000438406	0	0	0	0	0.056	0	0	0.436	0.445
CSF3	G6PC	9606.ENSP00000225474	9606.ENSP00000253801	0	0	0	0	0	0	0	0.505	0.505
CSF3	IFNA4	9606.ENSP00000225474	9606.ENSP00000412897	0	0	0	0	0	0	0	0.505	0.505
CSF3	IFNA7	9606.ENSP00000225474	9606.ENSP00000239347	0	0	0	0	0	0	0	0.506	0.506
CSF3	MATK	9606.ENSP00000225474	9606.ENSP00000378485	0	0	0	0	0	0	0	0.507	0.507
CSF3	IL33	9606.ENSP00000225474	9606.ENSP00000370842	0	0	0	0	0.060	0	0	0.522	0.531
CSF3	FCGR1A	9606.ENSP00000225474	9606.ENSP00000358165	0	0	0	0	0.104	0.055	0	0.506	0.545
CSF3	MMP12	9606.ENSP00000225474	9606.ENSP00000458585	0	0	0	0	0.095	0	0	0.523	0.550
CSF3	CXCL11	9606.ENSP00000225474	9606.ENSP00000306884	0	0	0	0	0.099	0	0	0.524	0.552
CSF3	FGF9	9606.ENSP00000225474	9606.ENSP00000371790	0	0	0	0	0.079	0	0	0.583	0.599
CSF3	FGF16	9606.ENSP00000225474	9606.ENSP00000399324	0	0	0	0	0.081	0	0	0.584	0.601
CSF3	GFI1	9606.ENSP00000225474	9606.ENSP00000294702	0	0	0	0	0	0.071	0	0.593	0.605
CSF3	STAT1	9606.ENSP00000225474	9606.ENSP00000354394	0	0	0	0	0	0	0.500	0.540	0.760
CSF3	IL13	9606.ENSP00000225474	9606.ENSP00000304915	0	0	0	0	0.146	0	0	0.814	0.834
CSF3	CXCL10	9606.ENSP00000225474	9606.ENSP00000305651	0	0	0	0	0.099	0	0.400	0.845	0.908
CTRB1	STATH	9606.ENSP00000354294	9606.ENSP00000246895	0	0	0	0	0.042	0	0	0.428	0.428
CTRB1	TCN1	9606.ENSP00000354294	9606.ENSP00000257264	0	0	0	0	0.061	0	0.400	0.249	0.540
CTRB1	TAT	9606.ENSP00000354294	9606.ENSP00000348234	0	0	0	0	0.049	0	0	0.704	0.707
CTRB1	RNASE1	9606.ENSP00000354294	9606.ENSP00000381057	0	0	0	0	0.262	0	0	0.451	0.577
CXCL10	LAG3	9606.ENSP00000305651	9606.ENSP00000203629	0	0	0	0	0.154	0	0	0.575	0.626
CXCL10	OAS3	9606.ENSP00000305651	9606.ENSP00000228928	0	0	0	0	0.351	0	0	0.451	0.629
CXCL10	IFNA7	9606.ENSP00000305651	9606.ENSP00000239347	0	0	0	0	0.068	0	0	0.447	0.463
CXCL10	MTUS1	9606.ENSP00000305651	9606.ENSP00000262102	0	0	0	0	0	0	0	0.430	0.430
CXCL10	HERC5	9606.ENSP00000305651	9606.ENSP00000264350	0	0	0	0	0.260	0	0	0.342	0.493
CXCL10	IL13	9606.ENSP00000305651	9606.ENSP00000304915	0	0	0	0	0.042	0	0	0.871	0.871
CXCL10	IL4I1	9606.ENSP00000305651	9606.ENSP00000472474	0	0	0	0	0.330	0	0	0.198	0.439
CXCL10	KLRC1	9606.ENSP00000305651	9606.ENSP00000438038	0	0	0	0	0.086	0	0	0.441	0.467
CXCL10	MMP12	9606.ENSP00000305651	9606.ENSP00000458585	0	0	0	0	0.121	0	0	0.447	0.493
CXCL10	FGF16	9606.ENSP00000305651	9606.ENSP00000399324	0	0	0	0	0.055	0	0	0.506	0.513
CXCL10	FGF9	9606.ENSP00000305651	9606.ENSP00000371790	0	0	0	0	0.055	0	0	0.507	0.514
CXCL10	IFNA4	9606.ENSP00000305651	9606.ENSP00000412897	0	0	0	0	0.069	0	0	0.511	0.525
CXCL10	DDX60	9606.ENSP00000305651	9606.ENSP00000377344	0	0	0	0	0.342	0	0	0.321	0.534
CXCL10	EPSTI1	9606.ENSP00000305651	9606.ENSP00000318982	0	0	0	0	0.429	0	0	0.220	0.535
CXCL10	SIGLEC1	9606.ENSP00000305651	9606.ENSP00000341141	0	0	0	0	0.204	0	0	0.447	0.541
CXCL10	FCGR1A	9606.ENSP00000305651	9606.ENSP00000358165	0	0	0	0	0.329	0	0	0.448	0.613
CXCL10	IL33	9606.ENSP00000305651	9606.ENSP00000370842	0	0	0	0	0.060	0	0	0.626	0.633
CXCL10	IFI44L	9606.ENSP00000305651	9606.ENSP00000359787	0	0	0	0	0.419	0	0	0.624	0.772
CXCL10	GBP4	9606.ENSP00000305651	9606.ENSP00000359490	0	0	0	0	0.644	0	0	0.398	0.776
CXCL10	XCR1	9606.ENSP00000305651	9606.ENSP00000310405	0	0	0	0	0.072	0	0.650	0.422	0.796
CXCL10	IFI44	9606.ENSP00000305651	9606.ENSP00000359783	0	0	0	0	0.407	0	0	0.710	0.821
CXCL10	MX1	9606.ENSP00000305651	9606.ENSP00000381601	0	0	0	0	0.412	0	0	0.729	0.834
CXCL10	RSAD2	9606.ENSP00000305651	9606.ENSP00000371471	0	0	0	0	0.472	0	0	0.748	0.861
CXCL10	GBP1	9606.ENSP00000305651	9606.ENSP00000359504	0	0	0	0	0.760	0	0	0.549	0.887
CXCL10	STAT1	9606.ENSP00000305651	9606.ENSP00000354394	0	0	0	0	0.557	0	0	0.890	0.949
CXCL10	CXCR3	9606.ENSP00000305651	9606.ENSP00000362795	0	0	0	0	0.072	0.510	0.900	0.999	0.999
CXCL10	CXCL11	9606.ENSP00000305651	9606.ENSP00000306884	0	0	0	0.811	0.824	0.994	0.900	0.467	0.999
CXCL11	LAG3	9606.ENSP00000306884	9606.ENSP00000203629	0	0	0	0	0.156	0	0	0.378	0.452
CXCL11	OAS3	9606.ENSP00000306884	9606.ENSP00000228928	0	0	0	0	0.265	0	0	0.328	0.486
CXCL11	HERC5	9606.ENSP00000306884	9606.ENSP00000264350	0	0	0	0	0.198	0	0	0.298	0.413
CXCL11	IL13	9606.ENSP00000306884	9606.ENSP00000304915	0	0	0	0	0	0	0	0.581	0.581
CXCL11	MMP12	9606.ENSP00000306884	9606.ENSP00000458585	0	0	0	0	0.157	0	0	0.349	0.427
CXCL11	IL33	9606.ENSP00000306884	9606.ENSP00000370842	0	0	0	0	0.083	0	0	0.431	0.455
CXCL11	IFI44L	9606.ENSP00000306884	9606.ENSP00000359787	0	0	0	0	0.288	0	0	0.348	0.515
CXCL11	IFI44	9606.ENSP00000306884	9606.ENSP00000359783	0	0	0	0	0.272	0	0	0.391	0.537
CXCL11	DDX60	9606.ENSP00000306884	9606.ENSP00000377344	0	0	0	0	0.349	0	0	0.427	0.611
CXCL11	RSAD2	9606.ENSP00000306884	9606.ENSP00000371471	0	0	0	0	0.370	0	0	0.427	0.624
CXCL11	GBP4	9606.ENSP00000306884	9606.ENSP00000359490	0	0	0	0	0.443	0	0	0.357	0.626
CXCL11	MX1	9606.ENSP00000306884	9606.ENSP00000381601	0	0	0	0	0.264	0	0	0.544	0.650
CXCL11	GBP1	9606.ENSP00000306884	9606.ENSP00000359504	0	0	0	0	0.464	0	0	0.406	0.668
CXCL11	STAT1	9606.ENSP00000306884	9606.ENSP00000354394	0	0	0	0	0.418	0	0	0.597	0.755
CXCL11	XCR1	9606.ENSP00000306884	9606.ENSP00000310405	0	0	0	0	0.044	0	0.650	0.355	0.765
CXCL11	CXCR3	9606.ENSP00000306884	9606.ENSP00000362795	0	0	0	0	0.064	0.510	0.900	0.999	0.999
CXCR3	LAG3	9606.ENSP00000362795	9606.ENSP00000203629	0	0	0	0	0.259	0.091	0	0.732	0.803
CXCR3	LY9	9606.ENSP00000362795	9606.ENSP00000263285	0	0	0	0	0.162	0	0	0.350	0.432
CXCR3	ITGB7	9606.ENSP00000362795	9606.ENSP00000267082	0	0	0	0	0.270	0	0	0.419	0.557
CXCR3	IL13	9606.ENSP00000362795	9606.ENSP00000304915	0	0	0	0	0.049	0	0	0.599	0.602
CXCR3	XCR1	9606.ENSP00000362795	9606.ENSP00000310405	0	0	0	0.770	0.072	0	0	0.397	0.416
CXCR3	NCR3	9606.ENSP00000362795	9606.ENSP00000342156	0	0	0	0	0.225	0	0	0.447	0.553
CXCR3	STAT1	9606.ENSP00000362795	9606.ENSP00000354394	0	0	0	0	0.050	0	0	0.580	0.583
CXCR3	FCGR1A	9606.ENSP00000362795	9606.ENSP00000358165	0	0	0	0	0.061	0.098	0	0.357	0.407
CXCR3	SLAMF1	9606.ENSP00000362795	9606.ENSP00000438406	0	0	0	0	0.210	0	0	0.299	0.422
CXCR3	IL33	9606.ENSP00000362795	9606.ENSP00000370842	0	0	0	0	0.044	0	0	0.446	0.447
CXCR3	KLRC1	9606.ENSP00000362795	9606.ENSP00000438038	0	0	0	0	0	0	0	0.540	0.540
DCX	TUBB2B	9606.ENSP00000490614	9606.ENSP00000259818	0	0	0	0	0.097	0.926	0	0.308	0.950
DCX	PRKACG	9606.ENSP00000490614	9606.ENSP00000366488	0	0.446	0	0	0.061	0	0	0.226	0.562
DDX60	OAS3	9606.ENSP00000377344	9606.ENSP00000228928	0	0	0	0	0.776	0	0	0.530	0.890
DDX60	HERC5	9606.ENSP00000377344	9606.ENSP00000264350	0	0	0	0	0.642	0	0	0.664	0.874
DDX60	EPSTI1	9606.ENSP00000377344	9606.ENSP00000318982	0	0	0	0	0.650	0	0	0.440	0.795
DDX60	STAT1	9606.ENSP00000377344	9606.ENSP00000354394	0	0	0	0	0.638	0	0	0.426	0.783
DDX60	GBP4	9606.ENSP00000377344	9606.ENSP00000359490	0	0	0	0	0.337	0	0	0.302	0.518
DDX60	GBP1	9606.ENSP00000377344	9606.ENSP00000359504	0	0	0	0	0.489	0	0	0.420	0.691
DDX60	IFI44	9606.ENSP00000377344	9606.ENSP00000359783	0	0	0	0	0.796	0	0	0.621	0.919
DDX60	IFI44L	9606.ENSP00000377344	9606.ENSP00000359787	0	0	0	0	0.776	0	0	0.570	0.899
DDX60	RSAD2	9606.ENSP00000377344	9606.ENSP00000371471	0	0	0	0	0.789	0	0	0.598	0.911
DDX60	MX1	9606.ENSP00000377344	9606.ENSP00000381601	0	0	0	0	0.570	0.046	0	0.614	0.828
DEPTOR	SHANK1	9606.ENSP00000286234	9606.ENSP00000293441	0	0	0	0.567	0	0.095	0	0.380	0.414
DEPTOR	PRR5	9606.ENSP00000286234	9606.ENSP00000384848	0	0	0	0	0	0	0	0.998	0.998
DGKB	GCKR	9606.ENSP00000385780	9606.ENSP00000264717	0	0	0	0	0	0	0	0.743	0.743
DNMT3B	ITGB7	9606.ENSP00000328547	9606.ENSP00000267082	0	0	0	0	0.186	0.071	0	0.360	0.474
DNMT3B	SOX17	9606.ENSP00000328547	9606.ENSP00000297316	0	0	0	0	0.048	0	0	0.417	0.421
DNMT3B	ZFP57	9606.ENSP00000328547	9606.ENSP00000418259	0	0	0	0	0.049	0.292	0	0.431	0.583
DNMT3B	GDF3	9606.ENSP00000328547	9606.ENSP00000331745	0	0	0	0	0.217	0	0	0.507	0.597
DNMT3B	E2F6	9606.ENSP00000328547	9606.ENSP00000370936	0	0	0	0	0.064	0.095	0	0.734	0.754
DNMT3B	H2BC17	9606.ENSP00000328547	9606.ENSP00000477527	0	0	0	0	0.049	0.967	0.500	0.138	0.984
E2F6	STAT1	9606.ENSP00000370936	9606.ENSP00000354394	0	0	0	0	0	0	0	0.402	0.402
EMG1	NOL11	9606.ENSP00000470560	9606.ENSP00000253247	0	0	0	0	0.354	0.800	0.800	0.252	0.978
EMG1	RTN4RL1	9606.ENSP00000470560	9606.ENSP00000330631	0	0	0	0	0	0	0	0.400	0.400
EPHA3	ROBO2	9606.ENSP00000337451	9606.ENSP00000417335	0	0	0	0	0.097	0.094	0	0.366	0.436
EPHA3	PTPRK	9606.ENSP00000337451	9606.ENSP00000432973	0	0	0	0	0.068	0.097	0	0.424	0.472
EPS8	PLS3	9606.ENSP00000494689	9606.ENSP00000348163	0	0	0	0	0.108	0	0	0.405	0.446
EPS8	PIK3C2B	9606.ENSP00000494689	9606.ENSP00000356155	0	0	0	0	0.047	0	0	0.697	0.698
EPS8	NECTIN3	9606.ENSP00000494689	9606.ENSP00000418070	0	0	0	0	0.063	0	0	0.443	0.456
EPSTI1	OAS3	9606.ENSP00000318982	9606.ENSP00000228928	0	0	0	0	0.671	0	0	0.507	0.831
EPSTI1	HERC5	9606.ENSP00000318982	9606.ENSP00000264350	0	0	0	0	0.657	0	0	0.619	0.864
EPSTI1	SIGLEC1	9606.ENSP00000318982	9606.ENSP00000341141	0	0	0	0	0.224	0	0	0.358	0.481
EPSTI1	TMEM26	9606.ENSP00000318982	9606.ENSP00000382237	0	0	0	0	0	0	0	0.490	0.490
EPSTI1	GBP4	9606.ENSP00000318982	9606.ENSP00000359490	0	0	0	0	0.638	0	0	0.381	0.767
EPSTI1	GBP1	9606.ENSP00000318982	9606.ENSP00000359504	0	0	0	0	0.648	0	0	0.400	0.780
EPSTI1	STAT1	9606.ENSP00000318982	9606.ENSP00000354394	0	0	0	0	0.768	0	0	0.325	0.837
EPSTI1	RSAD2	9606.ENSP00000318982	9606.ENSP00000371471	0	0	0	0	0.800	0	0	0.521	0.900
EPSTI1	IFI44	9606.ENSP00000318982	9606.ENSP00000359783	0	0	0	0	0.792	0	0	0.581	0.909
EPSTI1	MX1	9606.ENSP00000318982	9606.ENSP00000381601	0	0	0	0	0.823	0	0	0.541	0.915
EPSTI1	IFI44L	9606.ENSP00000318982	9606.ENSP00000359787	0	0	0	0	0.788	0	0	0.646	0.921
ERVW-1	SIGLEC1	9606.ENSP00000419945	9606.ENSP00000341141	0	0	0	0	0.056	0	0	0.604	0.610
ERVW-1	TXLNA	9606.ENSP00000419945	9606.ENSP00000362711	0	0	0	0	0	0	0	0.437	0.437
ERVW-1	FGF9	9606.ENSP00000419945	9606.ENSP00000371790	0	0	0	0	0.045	0	0	0.515	0.517
ERVW-1	SFTPA1	9606.ENSP00000419945	9606.ENSP00000397082	0	0	0	0	0.043	0	0	0.519	0.520
ERVW-1	FGF16	9606.ENSP00000419945	9606.ENSP00000399324	0	0	0	0	0.045	0	0	0.516	0.518
ERVW-1	SLAMF1	9606.ENSP00000419945	9606.ENSP00000438406	0	0	0	0	0	0	0	0.595	0.595
ETV4	FGF9	9606.ENSP00000321835	9606.ENSP00000371790	0	0	0	0	0.055	0	0	0.400	0.408
ETV4	STAT1	9606.ENSP00000321835	9606.ENSP00000354394	0	0	0	0	0	0	0	0.471	0.471
FAM161A	LRAT	9606.ENSP00000385158	9606.ENSP00000337224	0	0	0	0	0.042	0	0	0.407	0.407
FAM216B	LRRC71	9606.ENSP00000445786	9606.ENSP00000336661	0	0	0	0	0.247	0	0	0.490	0.599
FAM89A	IFI44L	9606.ENSP00000355614	9606.ENSP00000359787	0	0	0	0	0	0	0	0.583	0.583
FANCF	FANCG	9606.ENSP00000330875	9606.ENSP00000367910	0	0	0	0	0.067	0.998	0.900	0.999	0.999
FANCG	FEN1	9606.ENSP00000367910	9606.ENSP00000305480	0	0	0	0	0.273	0	0	0.368	0.521
FBN3	FSHR	9606.ENSP00000270509	9606.ENSP00000384708	0	0	0	0	0	0.045	0	0.419	0.421
FBXO5	MKI67	9606.ENSP00000229758	9606.ENSP00000357643	0	0	0	0	0.362	0.098	0	0.064	0.414
FBXO5	ZWINT	9606.ENSP00000229758	9606.ENSP00000363055	0	0	0	0	0.397	0	0	0.144	0.462
FBXO5	HMMR	9606.ENSP00000229758	9606.ENSP00000377492	0	0	0	0	0.406	0	0	0.143	0.469
FBXO5	FEN1	9606.ENSP00000229758	9606.ENSP00000305480	0	0	0	0	0.456	0	0	0.143	0.514
FBXO5	PCNA	9606.ENSP00000229758	9606.ENSP00000368458	0.058	0	0	0	0.421	0	0	0.324	0.599
FCGR1A	IL13	9606.ENSP00000358165	9606.ENSP00000304915	0	0	0	0	0.098	0	0	0.479	0.509
FCGR1A	XCR1	9606.ENSP00000358165	9606.ENSP00000310405	0	0	0	0	0.059	0.098	0	0.546	0.581
FCGR1A	SIGLEC1	9606.ENSP00000358165	9606.ENSP00000341141	0	0	0	0	0.270	0	0	0.571	0.673
FCGR1A	NCR3	9606.ENSP00000358165	9606.ENSP00000342156	0	0	0	0	0.058	0	0.500	0.219	0.600
FCGR1A	STAT1	9606.ENSP00000358165	9606.ENSP00000354394	0	0	0	0	0.201	0	0.500	0.724	0.880
FCGR1A	GBP1	9606.ENSP00000358165	9606.ENSP00000359504	0	0	0	0	0.250	0	0	0.275	0.433
FCGR1A	MX1	9606.ENSP00000358165	9606.ENSP00000381601	0	0	0	0	0.136	0	0	0.521	0.568
FCGR1A	MME	9606.ENSP00000358165	9606.ENSP00000418525	0	0	0	0	0	0	0	0.746	0.746
FCGR1A	FCGR1B	9606.ENSP00000358165	9606.ENSP00000358391	0	0	0.047	0.984	0.999	0	0.400	0.395	0.999
FCGR1B	STAT1	9606.ENSP00000358391	9606.ENSP00000354394	0	0	0	0	0.129	0	0.500	0.233	0.637
FCGR1B	GBP1	9606.ENSP00000358391	9606.ENSP00000359504	0	0	0	0	0.250	0	0	0.478	0.592
FEN1	TIPIN	9606.ENSP00000305480	9606.ENSP00000261881	0	0	0	0	0.382	0.303	0	0.499	0.765
FEN1	SRF	9606.ENSP00000305480	9606.ENSP00000265354	0	0	0	0	0.049	0	0	0.430	0.434
FEN1	MKI67	9606.ENSP00000305480	9606.ENSP00000357643	0	0	0	0	0.355	0	0	0.218	0.474
FEN1	MCM8	9606.ENSP00000305480	9606.ENSP00000368164	0	0	0	0	0.274	0.074	0	0.318	0.502
FEN1	HMMR	9606.ENSP00000305480	9606.ENSP00000377492	0	0	0	0	0.336	0.045	0	0.451	0.621
FEN1	MDC1	9606.ENSP00000305480	9606.ENSP00000365588	0	0	0	0	0.131	0.398	0	0.404	0.661
FEN1	ZWINT	9606.ENSP00000305480	9606.ENSP00000363055	0	0	0	0	0.636	0	0	0.205	0.699
FEN1	PCNA	9606.ENSP00000305480	9606.ENSP00000368458	0.042	0	0	0	0.776	0.999	0.500	0.505	0.999
FGF16	GLI1	9606.ENSP00000399324	9606.ENSP00000228682	0	0	0	0	0.054	0.045	0	0.499	0.508
FGF16	ISL1	9606.ENSP00000399324	9606.ENSP00000230658	0	0	0	0	0.051	0	0	0.426	0.432
FGF16	MYOD1	9606.ENSP00000399324	9606.ENSP00000250003	0	0	0	0	0.105	0	0	0.413	0.453
FGF16	THBS1	9606.ENSP00000399324	9606.ENSP00000260356	0	0	0	0	0.054	0.042	0	0.491	0.499
FGF16	NRG1	9606.ENSP00000399324	9606.ENSP00000287842	0	0	0	0	0	0	0	0.418	0.418
FGF16	SOX17	9606.ENSP00000399324	9606.ENSP00000297316	0	0	0	0	0.054	0	0	0.391	0.400
FGF16	IL13	9606.ENSP00000399324	9606.ENSP00000304915	0	0	0	0	0.074	0	0	0.507	0.524
FGF16	INSRR	9606.ENSP00000399324	9606.ENSP00000357178	0	0	0	0	0.068	0	0.650	0.073	0.671
FGF16	HSPG2	9606.ENSP00000399324	9606.ENSP00000363827	0	0	0	0	0	0.069	0	0.948	0.949
FGF16	FGF9	9606.ENSP00000399324	9606.ENSP00000371790	0	0	0.052	0.969	0	0	0.400	0.055	0.415
FGF9	GLI1	9606.ENSP00000371790	9606.ENSP00000228682	0	0	0	0	0.042	0.045	0	0.518	0.521
FGF9	ISL1	9606.ENSP00000371790	9606.ENSP00000230658	0	0	0	0	0.092	0	0	0.429	0.460
FGF9	MYOD1	9606.ENSP00000371790	9606.ENSP00000250003	0	0	0	0	0.087	0	0	0.411	0.440
FGF9	THBS1	9606.ENSP00000371790	9606.ENSP00000260356	0	0	0	0	0.054	0.042	0	0.493	0.501
FGF9	NRG1	9606.ENSP00000371790	9606.ENSP00000287842	0	0	0	0	0	0	0	0.427	0.427
FGF9	SOX17	9606.ENSP00000371790	9606.ENSP00000297316	0	0	0	0	0.044	0	0	0.404	0.406
FGF9	IL13	9606.ENSP00000371790	9606.ENSP00000304915	0	0	0	0	0.069	0	0	0.507	0.521
FGF9	WNT11	9606.ENSP00000371790	9606.ENSP00000325526	0	0	0	0	0.101	0.050	0	0.367	0.413
FGF9	INSRR	9606.ENSP00000371790	9606.ENSP00000357178	0	0	0	0	0	0	0.650	0.151	0.690
FGF9	HSPG2	9606.ENSP00000371790	9606.ENSP00000363827	0	0	0	0	0	0.069	0	0.947	0.949
FOXN4	ISL1	9606.ENSP00000299162	9606.ENSP00000230658	0	0	0	0	0.074	0.070	0	0.464	0.499
FOXN4	POU4F2	9606.ENSP00000299162	9606.ENSP00000281321	0	0	0	0	0.069	0	0	0.587	0.600
FRMD7	IL1RAPL1	9606.ENSP00000298542	9606.ENSP00000368278	0	0	0	0	0.122	0	0	0.375	0.428
FRMD7	GPR143	9606.ENSP00000298542	9606.ENSP00000417161	0	0	0	0	0.073	0	0	0.923	0.925
FSHR	PGR	9606.ENSP00000384708	9606.ENSP00000325120	0	0	0	0	0.082	0	0	0.501	0.523
FSHR	HSD17B3	9606.ENSP00000384708	9606.ENSP00000364412	0	0	0	0	0.103	0	0	0.612	0.637
FSHR	PRKACG	9606.ENSP00000384708	9606.ENSP00000366488	0	0	0	0	0	0	0	0.415	0.415
G6PC	IAPP	9606.ENSP00000253801	9606.ENSP00000240652	0	0	0	0	0.042	0	0	0.497	0.497
G6PC	PRKACG	9606.ENSP00000253801	9606.ENSP00000366488	0	0	0	0	0.056	0	0	0.416	0.425
G6PC	GCKR	9606.ENSP00000253801	9606.ENSP00000264717	0	0	0	0	0.128	0	0	0.447	0.497
G6PC	KHK	9606.ENSP00000253801	9606.ENSP00000260599	0	0	0	0	0.147	0	0	0.477	0.536
G6PC	TAT	9606.ENSP00000253801	9606.ENSP00000348234	0	0	0	0	0.147	0	0	0.626	0.667
GBP1	OAS3	9606.ENSP00000359504	9606.ENSP00000228928	0	0	0	0	0.457	0	0	0.583	0.764
GBP1	HERC5	9606.ENSP00000359504	9606.ENSP00000264350	0	0	0	0	0.271	0	0	0.451	0.583
GBP1	STAT1	9606.ENSP00000359504	9606.ENSP00000354394	0	0	0	0	0.790	0	0.500	0.734	0.969
GBP1	GBP4	9606.ENSP00000359504	9606.ENSP00000359490	0	0	0.064	0.953	0.780	0.292	0	0.426	0.905
GBP1	IFI44L	9606.ENSP00000359504	9606.ENSP00000359787	0	0	0	0	0.476	0	0	0.581	0.771
GBP1	RSAD2	9606.ENSP00000359504	9606.ENSP00000371471	0	0	0	0	0.510	0	0	0.591	0.791
GBP1	IFI44	9606.ENSP00000359504	9606.ENSP00000359783	0	0	0	0	0.525	0	0	0.729	0.865
GBP1	MX1	9606.ENSP00000359504	9606.ENSP00000381601	0	0	0	0	0.382	0	0	0.791	0.865
GBP4	OAS3	9606.ENSP00000359490	9606.ENSP00000228928	0	0	0	0	0.302	0	0	0.397	0.561
GBP4	HERC5	9606.ENSP00000359490	9606.ENSP00000264350	0	0	0	0	0.265	0	0	0.380	0.525
GBP4	STAT1	9606.ENSP00000359490	9606.ENSP00000354394	0	0	0	0	0.567	0	0.500	0.379	0.853
GBP4	MX1	9606.ENSP00000359490	9606.ENSP00000381601	0	0	0	0	0.301	0	0	0.455	0.603
GBP4	IFI44L	9606.ENSP00000359490	9606.ENSP00000359787	0	0	0	0	0.338	0	0	0.430	0.606
GBP4	IFI44	9606.ENSP00000359490	9606.ENSP00000359783	0	0	0	0	0.365	0	0	0.422	0.617
GBP4	RSAD2	9606.ENSP00000359490	9606.ENSP00000371471	0	0	0	0	0.451	0	0	0.453	0.687
GCKR	KHK	9606.ENSP00000264717	9606.ENSP00000260599	0	0	0	0	0.116	0	0	0.830	0.843
GCKR	KCNJ11	9606.ENSP00000264717	9606.ENSP00000345708	0	0	0	0	0	0	0	0.448	0.448
GDF3	SOX17	9606.ENSP00000331745	9606.ENSP00000297316	0	0	0	0	0.107	0.045	0	0.469	0.508
GDF3	ZNF296	9606.ENSP00000331745	9606.ENSP00000302770	0	0	0	0	0	0.045	0	0.500	0.502
GFI1	POU4F2	9606.ENSP00000294702	9606.ENSP00000281321	0	0	0	0	0	0.045	0	0.480	0.482
GFI1	SOX17	9606.ENSP00000294702	9606.ENSP00000297316	0	0	0	0	0	0.095	0	0.367	0.402
GFI1	SLAMF1	9606.ENSP00000294702	9606.ENSP00000438406	0	0	0	0	0.148	0	0	0.371	0.441
GFI1	MATK	9606.ENSP00000294702	9606.ENSP00000378485	0	0	0	0	0.083	0.071	0	0.433	0.474
GFOD2	KIR3DL1	9606.ENSP00000268797	9606.ENSP00000375608	0	0	0	0	0.060	0	0	0.418	0.429
GFOD2	SLC2A10	9606.ENSP00000268797	9606.ENSP00000352216	0	0	0	0	0.067	0.288	0	0.241	0.452
GFOD2	RGN	9606.ENSP00000268797	9606.ENSP00000380365	0.107	0	0	0	0.115	0	0.585	0.191	0.699
GFRA4	PRKACG	9606.ENSP00000313423	9606.ENSP00000366488	0	0	0	0	0.061	0	0.400	0	0.412
GLI1	SCUBE2	9606.ENSP00000228682	9606.ENSP00000310658	0	0	0	0	0.060	0.095	0	0.354	0.402
GLI1	GPR143	9606.ENSP00000228682	9606.ENSP00000417161	0	0	0	0	0	0.086	0	0.384	0.413
GLI1	ISL1	9606.ENSP00000228682	9606.ENSP00000230658	0	0	0	0	0.049	0.071	0	0.417	0.440
GLI1	SYNE1	9606.ENSP00000228682	9606.ENSP00000356224	0	0	0	0	0	0.071	0	0.453	0.470
GLI1	PRKACG	9606.ENSP00000228682	9606.ENSP00000366488	0	0	0	0	0	0.096	0.900	0.536	0.954
GMPPB	TUBB2B	9606.ENSP00000309092	9606.ENSP00000259818	0	0	0	0	0.191	0.162	0	0.272	0.464
GNGT1	KCNJ16	9606.ENSP00000248572	9606.ENSP00000465295	0	0	0	0	0	0.092	0.500	0	0.526
GNGT1	WNT11	9606.ENSP00000248572	9606.ENSP00000325526	0	0	0	0	0.058	0	0.500	0.088	0.532
GNGT1	NMUR1	9606.ENSP00000248572	9606.ENSP00000305877	0	0	0	0	0	0.120	0.500	0	0.541
GNGT1	PRKACG	9606.ENSP00000248572	9606.ENSP00000366488	0	0	0	0	0.048	0	0.650	0.063	0.660
GNGT1	HTR5A	9606.ENSP00000248572	9606.ENSP00000287907	0	0	0	0	0.064	0.120	0.650	0	0.686
GPR55	NMUR1	9606.ENSP00000498258	9606.ENSP00000305877	0	0	0	0	0.049	0	0	0.440	0.444
GPR55	LTB4R2	9606.ENSP00000498258	9606.ENSP00000445772	0	0	0	0	0	0	0	0.409	0.408
GPR84	GPRC6A	9606.ENSP00000450310	9606.ENSP00000309493	0	0	0	0	0	0	0	0.410	0.410
GPR84	IL4I1	9606.ENSP00000450310	9606.ENSP00000472474	0	0	0	0	0.291	0	0	0.224	0.426
GPRC5D	LY9	9606.ENSP00000228887	9606.ENSP00000263285	0	0	0	0	0.049	0	0	0.398	0.403
GRP	IAPP	9606.ENSP00000256857	9606.ENSP00000240652	0	0	0	0	0	0	0	0.400	0.400
GRP	MME	9606.ENSP00000256857	9606.ENSP00000418525	0	0	0	0	0.055	0	0	0.400	0.408
GRP	NMUR1	9606.ENSP00000256857	9606.ENSP00000305877	0	0	0	0	0	0	0.500	0.195	0.580
GSPT2	RPL39L	9606.ENSP00000341247	9606.ENSP00000389356	0	0	0	0	0.244	0	0.500	0	0.605
H2BC17	THBS1	9606.ENSP00000477527	9606.ENSP00000260356	0	0	0	0	0	0.071	0.400	0.075	0.439
H2BC17	PYGO1	9606.ENSP00000477527	9606.ENSP00000302327	0	0	0	0	0.045	0.084	0.500	0	0.524
H2BC17	SYCE1	9606.ENSP00000477527	9606.ENSP00000303978	0	0	0	0	0	0	0.500	0.044	0.501
H2BC17	MDC1	9606.ENSP00000477527	9606.ENSP00000365588	0	0	0	0	0.044	0	0.500	0.203	0.585
HAS1	HMMR	9606.ENSP00000222115	9606.ENSP00000377492	0	0	0	0	0.086	0.091	0	0.492	0.541
HERC5	OAS3	9606.ENSP00000264350	9606.ENSP00000228928	0	0	0	0	0.772	0	0	0.589	0.902
HERC5	SIGLEC1	9606.ENSP00000264350	9606.ENSP00000341141	0	0	0	0	0.246	0	0	0.290	0.441
HERC5	STAT1	9606.ENSP00000264350	9606.ENSP00000354394	0	0	0	0	0.466	0	0.400	0.447	0.807
HERC5	IFI44L	9606.ENSP00000264350	9606.ENSP00000359787	0	0	0	0	0.790	0	0	0.600	0.912
HERC5	IFI44	9606.ENSP00000264350	9606.ENSP00000359783	0	0	0	0	0.793	0	0	0.602	0.914
HERC5	RSAD2	9606.ENSP00000264350	9606.ENSP00000371471	0	0	0	0	0.793	0	0	0.643	0.923
HERC5	MX1	9606.ENSP00000264350	9606.ENSP00000381601	0	0	0	0	0.779	0	0.400	0.748	0.963
HJV	TMPRSS5	9606.ENSP00000337014	9606.ENSP00000299882	0	0	0	0	0	0	0	0.475	0.475
HMMR	TRIM36	9606.ENSP00000377492	9606.ENSP00000282369	0	0	0	0	0.079	0.429	0	0.041	0.452
HMMR	MKI67	9606.ENSP00000377492	9606.ENSP00000357643	0	0	0	0	0.772	0	0	0.566	0.896
HMMR	ZWINT	9606.ENSP00000377492	9606.ENSP00000363055	0	0	0	0	0.772	0	0	0.543	0.891
HPDL	OXCT1	9606.ENSP00000335060	9606.ENSP00000196371	0.111	0	0	0	0.104	0.073	0.257	0.090	0.410
HPDL	PCBD1	9606.ENSP00000335060	9606.ENSP00000299299	0.110	0	0	0	0.302	0	0	0.248	0.492
HPDL	TAT	9606.ENSP00000335060	9606.ENSP00000348234	0	0	0	0	0.354	0	0.510	0.348	0.775
HS6ST2	HSPG2	9606.ENSP00000429473	9606.ENSP00000363827	0	0	0	0	0	0	0.400	0.276	0.547
HSD17B3	HSD17B6	9606.ENSP00000364412	9606.ENSP00000451406	0	0	0.108	0.593	0	0	0.900	0.531	0.954
HSD17B6	LRAT	9606.ENSP00000451406	9606.ENSP00000337224	0	0	0	0	0.042	0	0.900	0.259	0.922
HSPG2	IAPP	9606.ENSP00000363827	9606.ENSP00000240652	0	0	0	0	0	0	0.500	0.431	0.703
HSPG2	THBS1	9606.ENSP00000363827	9606.ENSP00000260356	0	0	0	0	0.118	0.045	0	0.826	0.841
HSPG2	NRG1	9606.ENSP00000363827	9606.ENSP00000287842	0	0	0	0	0	0	0	0.416	0.416
HSPG2	STAT1	9606.ENSP00000363827	9606.ENSP00000354394	0	0	0	0	0.042	0	0	0.426	0.426
HSPG2	LARGE2	9606.ENSP00000363827	9606.ENSP00000385235	0	0	0	0	0.053	0	0	0.425	0.432
HSPG2	MMP12	9606.ENSP00000363827	9606.ENSP00000458585	0	0	0	0	0.057	0	0.400	0.287	0.561
HTR5A	NGB	9606.ENSP00000287907	9606.ENSP00000298352	0	0	0	0	0.439	0	0	0.044	0.440
IAPP	MC4R	9606.ENSP00000240652	9606.ENSP00000299766	0	0	0	0	0.042	0	0	0.425	0.426
IAPP	KCNJ11	9606.ENSP00000240652	9606.ENSP00000345708	0	0	0	0	0	0	0	0.470	0.470
ICAM4	SIGLEC1	9606.ENSP00000342114	9606.ENSP00000341141	0	0	0	0	0.042	0	0	0.481	0.481
ID1	MYOD1	9606.ENSP00000365280	9606.ENSP00000250003	0	0	0	0	0	0.832	0	0.692	0.946
ID1	THBS1	9606.ENSP00000365280	9606.ENSP00000260356	0	0	0	0	0.061	0.071	0.900	0.566	0.957
ID1	PGR	9606.ENSP00000365280	9606.ENSP00000325120	0	0	0	0	0	0	0	0.453	0.453
IFI44	OAS3	9606.ENSP00000359783	9606.ENSP00000228928	0	0	0	0	0.800	0	0	0.663	0.929
IFI44	LGALS3BP	9606.ENSP00000359783	9606.ENSP00000262776	0	0	0	0	0.218	0.125	0	0.239	0.434
IFI44	SIGLEC1	9606.ENSP00000359783	9606.ENSP00000341141	0	0	0	0	0.296	0	0	0.448	0.594
IFI44	STAT1	9606.ENSP00000359783	9606.ENSP00000354394	0	0	0	0	0.690	0	0	0.737	0.915
IFI44	MX1	9606.ENSP00000359783	9606.ENSP00000381601	0	0	0	0	0.793	0	0	0.849	0.967
IFI44	RSAD2	9606.ENSP00000359783	9606.ENSP00000371471	0	0	0	0	0.910	0	0	0.823	0.983
IFI44	IFI44L	9606.ENSP00000359783	9606.ENSP00000359787	0	0	0.086	0.909	0.999	0	0	0.702	0.999
IFI44L	OAS3	9606.ENSP00000359787	9606.ENSP00000228928	0	0	0	0	0.781	0	0	0.662	0.922
IFI44L	SIGLEC1	9606.ENSP00000359787	9606.ENSP00000341141	0	0	0	0	0.393	0	0	0.728	0.827
IFI44L	STAT1	9606.ENSP00000359787	9606.ENSP00000354394	0	0	0	0	0.737	0	0	0.528	0.870
IFI44L	SOD2	9606.ENSP00000359787	9606.ENSP00000446252	0	0	0	0	0.105	0.478	0	0.080	0.533
IFI44L	MX1	9606.ENSP00000359787	9606.ENSP00000381601	0	0	0	0	0.789	0	0	0.841	0.965
IFI44L	RSAD2	9606.ENSP00000359787	9606.ENSP00000371471	0	0	0	0	0.999	0	0	0.909	0.999
IFNA4	IFNA7	9606.ENSP00000412897	9606.ENSP00000239347	0	0	0.049	0.983	0.365	0.302	0.400	0.046	0.714
IFNA4	STAT1	9606.ENSP00000412897	9606.ENSP00000354394	0	0	0	0	0.044	0	0.500	0.542	0.761
IFNA4	ITPA	9606.ENSP00000412897	9606.ENSP00000369456	0	0	0	0	0	0	0	0.539	0.539
IFNA4	MX1	9606.ENSP00000412897	9606.ENSP00000381601	0	0	0	0	0	0	0	0.671	0.671
IFNA7	ITPA	9606.ENSP00000239347	9606.ENSP00000369456	0	0	0	0	0	0	0	0.545	0.545
IFNA7	MX1	9606.ENSP00000239347	9606.ENSP00000381601	0	0	0	0	0.044	0	0	0.619	0.620
IFNA7	STAT1	9606.ENSP00000239347	9606.ENSP00000354394	0	0	0	0	0.043	0	0.500	0.474	0.726
IL13	LAG3	9606.ENSP00000304915	9606.ENSP00000203629	0	0	0	0	0.047	0	0	0.476	0.479
IL13	KLRC1	9606.ENSP00000304915	9606.ENSP00000438038	0	0	0	0	0	0	0	0.437	0.437
IL13	TXLNA	9606.ENSP00000304915	9606.ENSP00000362711	0	0	0	0	0	0	0	0.506	0.506
IL13	MMP12	9606.ENSP00000304915	9606.ENSP00000458585	0	0	0	0	0.055	0	0	0.683	0.687
IL13	STAT1	9606.ENSP00000304915	9606.ENSP00000354394	0	0	0	0	0	0	0.500	0.760	0.875
IL13	IL33	9606.ENSP00000304915	9606.ENSP00000370842	0	0	0	0	0	0	0	0.937	0.937
IL1RAPL1	SHANK1	9606.ENSP00000368278	9606.ENSP00000293441	0	0	0	0	0.043	0.095	0	0.387	0.422
IL33	NMUR1	9606.ENSP00000370842	9606.ENSP00000305877	0	0	0	0	0.044	0	0	0.418	0.419
IL33	STAT1	9606.ENSP00000370842	9606.ENSP00000354394	0	0	0	0	0	0	0	0.542	0.542
IL4I1	TAT	9606.ENSP00000472474	9606.ENSP00000348234	0	0	0	0	0.109	0	0.900	0.133	0.916
INSRR	LRRC71	9606.ENSP00000357178	9606.ENSP00000336661	0	0	0	0	0.072	0	0	0.386	0.406
IRX4	ISL1	9606.ENSP00000482393	9606.ENSP00000230658	0	0	0	0	0.074	0.071	0	0.515	0.546
IRX4	TBX2	9606.ENSP00000482393	9606.ENSP00000240328	0	0	0	0	0.057	0.046	0	0.390	0.403
IRX4	SRF	9606.ENSP00000482393	9606.ENSP00000265354	0	0	0	0	0.082	0.304	0	0.366	0.560
ISL1	SIX6	9606.ENSP00000230658	9606.ENSP00000328596	0	0	0	0	0.084	0.051	0	0.382	0.416
ISL1	SRF	9606.ENSP00000230658	9606.ENSP00000265354	0	0	0	0	0	0.136	0	0.358	0.422
ISL1	TCF21	9606.ENSP00000230658	9606.ENSP00000356857	0	0	0	0	0.056	0.048	0	0.412	0.426
ISL1	WNT11	9606.ENSP00000230658	9606.ENSP00000325526	0	0	0	0	0.053	0.058	0	0.434	0.451
ISL1	MYOD1	9606.ENSP00000230658	9606.ENSP00000250003	0	0	0	0	0	0	0	0.513	0.513
ISL1	SOX17	9606.ENSP00000230658	9606.ENSP00000297316	0	0	0	0	0.062	0	0	0.516	0.527
ISL1	ROBO2	9606.ENSP00000230658	9606.ENSP00000417335	0	0	0	0	0.048	0	0.500	0.344	0.660
ISL1	TBX2	9606.ENSP00000230658	9606.ENSP00000240328	0	0	0	0	0.060	0.071	0	0.706	0.721
ISL1	NR2F1	9606.ENSP00000230658	9606.ENSP00000325819	0	0	0	0	0.083	0.292	0	0.608	0.723
ISL1	POU4F2	9606.ENSP00000230658	9606.ENSP00000281321	0	0	0	0	0.096	0.097	0	0.888	0.901
ITGB7	THBS1	9606.ENSP00000267082	9606.ENSP00000260356	0	0	0	0	0.070	0.069	0.650	0.227	0.734
ITGB7	LAMB3	9606.ENSP00000267082	9606.ENSP00000375778	0	0	0	0	0	0.046	0.650	0.253	0.728
KCNH1	KCNK9	9606.ENSP00000271751	9606.ENSP00000498198	0	0	0	0	0.137	0	0	0.466	0.519
KCNH1	LAMB3	9606.ENSP00000271751	9606.ENSP00000375778	0	0	0	0	0	0	0	0.583	0.583
KCNJ11	MC4R	9606.ENSP00000345708	9606.ENSP00000299766	0	0	0	0	0.063	0	0	0.391	0.405
KCNJ11	PRKACG	9606.ENSP00000345708	9606.ENSP00000366488	0	0	0	0	0.057	0	0.400	0.349	0.599
KCNJ11	ZFP57	9606.ENSP00000345708	9606.ENSP00000418259	0	0	0	0	0	0	0	0.615	0.615
KCNJ16	PRKACG	9606.ENSP00000465295	9606.ENSP00000366488	0	0	0	0	0	0	0	0.450	0.450
KCNK9	PRKACG	9606.ENSP00000498198	9606.ENSP00000366488	0	0	0	0	0	0	0	0.565	0.565
KCTD16	ZFP69B	9606.ENSP00000426548	9606.ENSP00000354547	0	0	0	0	0	0.610	0	0	0.610
KIR3DL1	LAG3	9606.ENSP00000375608	9606.ENSP00000203629	0	0	0	0	0.145	0	0	0.380	0.447
KIR3DL1	NCR3	9606.ENSP00000375608	9606.ENSP00000342156	0	0	0	0	0.223	0	0	0.720	0.773
KIR3DL1	KLRC1	9606.ENSP00000375608	9606.ENSP00000438038	0	0	0	0	0.087	0	0.900	0.811	0.981
KLHL23	KNCN	9606.ENSP00000376419	9606.ENSP00000419705	0	0	0	0	0	0	0	0.485	0.485
KLRC1	LAG3	9606.ENSP00000438038	9606.ENSP00000203629	0	0	0	0	0.086	0.091	0	0.626	0.662
KLRC1	NCR3	9606.ENSP00000438038	9606.ENSP00000342156	0	0	0	0	0.066	0	0	0.901	0.903
LAG3	NCR3	9606.ENSP00000203629	9606.ENSP00000342156	0	0	0	0	0.127	0	0	0.469	0.516
LAG3	STAT1	9606.ENSP00000203629	9606.ENSP00000354394	0	0	0	0	0.151	0.091	0	0.519	0.596
LAG3	MTUS1	9606.ENSP00000203629	9606.ENSP00000262102	0	0	0	0	0	0	0	0.724	0.724
LAMB3	THBS1	9606.ENSP00000375778	9606.ENSP00000260356	0	0	0	0	0.086	0.230	0	0.399	0.540
LAMB3	SERPINB5	9606.ENSP00000375778	9606.ENSP00000372221	0	0	0	0	0.254	0	0	0.274	0.435
LAMB3	MMP12	9606.ENSP00000375778	9606.ENSP00000458585	0	0	0	0	0.101	0	0.400	0.205	0.534
LARS2	RPL39L	9606.ENSP00000498867	9606.ENSP00000389356	0	0	0	0	0.210	0.305	0	0.194	0.519
LAX1	LY9	9606.ENSP00000406970	9606.ENSP00000263285	0	0	0	0	0.493	0	0	0.081	0.514
LGALS3BP	THBS1	9606.ENSP00000262776	9606.ENSP00000260356	0	0	0	0	0	0.094	0	0.544	0.569
LGALS4	PRDM16	9606.ENSP00000302100	9606.ENSP00000270722	0	0	0	0	0	0.059	0	0.577	0.584
LGALS4	VSIG1	9606.ENSP00000302100	9606.ENSP00000402219	0	0	0	0	0.063	0	0	0.388	0.402
LGALS4	PRKACG	9606.ENSP00000302100	9606.ENSP00000366488	0	0	0	0	0.067	0	0	0.397	0.413
LGALS4	PGR	9606.ENSP00000302100	9606.ENSP00000325120	0	0	0	0	0.055	0	0	0.697	0.701
LOXL1	LOXL2	9606.ENSP00000261921	9606.ENSP00000373783	0	0	0	0.724	0.185	0	0.500	0.262	0.673
LY9	SLAMF1	9606.ENSP00000263285	9606.ENSP00000438406	0	0	0	0.574	0.224	0	0	0.637	0.706
MARVELD2	TMPRSS3	9606.ENSP00000323264	9606.ENSP00000411013	0	0	0	0	0.044	0	0	0.461	0.462
MATK	NRG1	9606.ENSP00000378485	9606.ENSP00000287842	0	0	0	0	0	0.084	0.500	0.098	0.551
MATK	MX1	9606.ENSP00000378485	9606.ENSP00000381601	0	0	0	0	0.054	0.041	0	0.580	0.586
MATK	SLAMF1	9606.ENSP00000378485	9606.ENSP00000438406	0	0	0	0	0.055	0.097	0	0.875	0.884
MCM8	TIPIN	9606.ENSP00000368164	9606.ENSP00000261881	0	0	0	0	0.278	0.497	0	0.226	0.694
MCM8	SYCE1	9606.ENSP00000368164	9606.ENSP00000303978	0	0	0	0	0	0	0	0.644	0.644
MCM8	PCNA	9606.ENSP00000368164	9606.ENSP00000368458	0	0	0	0	0.650	0	0	0.116	0.677
MDC1	TIPIN	9606.ENSP00000365588	9606.ENSP00000261881	0	0	0	0	0.092	0.350	0	0.283	0.540
MDGA2	THBS1	9606.ENSP00000405456	9606.ENSP00000260356	0	0	0	0	0	0.107	0	0.403	0.444
MKI67	PGR	9606.ENSP00000357643	9606.ENSP00000325120	0	0	0	0	0.057	0.045	0	0.636	0.644
MKI67	ZWINT	9606.ENSP00000357643	9606.ENSP00000363055	0	0	0	0	0.742	0	0	0.609	0.894
MME	PGR	9606.ENSP00000418525	9606.ENSP00000325120	0	0	0	0	0.052	0	0	0.605	0.609
MNS1	TEKT2	9606.ENSP00000260453	9606.ENSP00000207457	0	0	0	0	0.065	0.818	0	0.160	0.845
MRPL39	MTRES1	9606.ENSP00000305682	9606.ENSP00000485698	0	0	0	0	0.055	0.809	0	0.240	0.851
MT-ND6	PRKACG	9606.ENSP00000354665	9606.ENSP00000366488	0	0	0	0	0	0	0.650	0.071	0.660
MTUS1	TRIM36	9606.ENSP00000262102	9606.ENSP00000282369	0	0	0	0	0	0.436	0	0	0.436
MX1	OAS3	9606.ENSP00000381601	9606.ENSP00000228928	0	0	0	0	0.818	0	0	0.825	0.967
MX1	SIGLEC1	9606.ENSP00000381601	9606.ENSP00000341141	0	0	0	0	0.226	0	0	0.638	0.708
MX1	STAT1	9606.ENSP00000381601	9606.ENSP00000354394	0	0	0	0	0.558	0	0.400	0.799	0.942
MX1	RSAD2	9606.ENSP00000381601	9606.ENSP00000371471	0	0	0	0	0.860	0	0	0.888	0.983
MX1	STMN2	9606.ENSP00000381601	9606.ENSP00000429243	0	0	0	0	0.047	0.065	0	0.430	0.447
MX1	SLAMF1	9606.ENSP00000381601	9606.ENSP00000438406	0	0	0	0	0.112	0	0	0.448	0.489
MYH1	SLN	9606.ENSP00000226207	9606.ENSP00000435380	0	0	0	0	0.440	0	0	0.103	0.476
MYH1	MYOZ1	9606.ENSP00000226207	9606.ENSP00000352272	0	0	0	0	0.423	0	0	0.432	0.659
MYH1	MYOD1	9606.ENSP00000226207	9606.ENSP00000250003	0	0	0	0	0.150	0	0	0.647	0.687
MYOD1	MYOZ1	9606.ENSP00000250003	9606.ENSP00000352272	0	0	0	0	0.184	0	0	0.348	0.445
MYOD1	PRDM16	9606.ENSP00000250003	9606.ENSP00000270722	0	0	0	0	0.109	0.044	0	0.440	0.481
MYOD1	STAT1	9606.ENSP00000250003	9606.ENSP00000354394	0	0	0	0	0	0	0	0.514	0.514
MYOD1	TCF21	9606.ENSP00000250003	9606.ENSP00000356857	0	0	0	0	0	0.251	0	0.566	0.661
MYOD1	SRF	9606.ENSP00000250003	9606.ENSP00000265354	0	0	0	0	0.121	0.292	0	0.800	0.865
MYOZ1	SPIN4	9606.ENSP00000352272	9606.ENSP00000364018	0	0	0.495	0	0	0	0	0	0.495
MYOZ1	SLN	9606.ENSP00000352272	9606.ENSP00000435380	0	0	0	0	0.675	0	0	0.295	0.761
MYRIP	PRKACG	9606.ENSP00000301972	9606.ENSP00000366488	0	0	0	0	0	0	0	0.591	0.591
NAP1L3	RPL39L	9606.ENSP00000362171	9606.ENSP00000389356	0	0	0	0	0.074	0.408	0	0.052	0.435
NCR3	SLAMF1	9606.ENSP00000342156	9606.ENSP00000438406	0	0	0	0	0.180	0	0	0.350	0.444
NWD2	SCML4	9606.ENSP00000309501	9606.ENSP00000358016	0	0	0	0	0.074	0	0	0.427	0.447
OAS3	SIGLEC1	9606.ENSP00000228928	9606.ENSP00000341141	0	0	0	0	0.420	0	0	0.277	0.563
OAS3	RSAD2	9606.ENSP00000228928	9606.ENSP00000371471	0	0	0	0	0.823	0.094	0	0.665	0.941
OAS3	STAT1	9606.ENSP00000228928	9606.ENSP00000354394	0	0	0	0	0.714	0	0.500	0.740	0.959
OR2W1	PRKACG	9606.ENSP00000366380	9606.ENSP00000366488	0	0	0	0	0	0	0.650	0	0.650
OR4N4	PRKACG	9606.ENSP00000332500	9606.ENSP00000366488	0	0	0	0	0	0	0.650	0.042	0.650
OR8D2	PRKACG	9606.ENSP00000485661	9606.ENSP00000366488	0	0	0	0	0.047	0	0.650	0.042	0.652
PCNA	TIPIN	9606.ENSP00000368458	9606.ENSP00000261881	0	0	0	0	0.402	0	0	0.201	0.502
PCNA	ZWINT	9606.ENSP00000368458	9606.ENSP00000363055	0	0	0	0	0.538	0	0	0	0.538
PERP	SERPINB5	9606.ENSP00000397157	9606.ENSP00000372221	0	0	0	0	0.266	0	0	0.254	0.429
PGR	SCUBE2	9606.ENSP00000325120	9606.ENSP00000310658	0	0	0	0	0.176	0.050	0	0.479	0.556
PGR	STAT1	9606.ENSP00000325120	9606.ENSP00000354394	0	0	0	0	0	0.068	0	0.410	0.426
PGR	PRKACG	9606.ENSP00000325120	9606.ENSP00000366488	0	0	0	0	0.043	0	0.900	0.398	0.937
PHKA1	PRKACG	9606.ENSP00000362643	9606.ENSP00000366488	0	0	0	0	0	0	0.650	0.091	0.668
PLA2G4C	PTDSS2	9606.ENSP00000472546	9606.ENSP00000308258	0	0	0	0	0.044	0	0.650	0.045	0.652
POU1F1	SIX6	9606.ENSP00000342931	9606.ENSP00000328596	0	0	0	0	0.060	0	0	0.387	0.400
POU4F2	SIX6	9606.ENSP00000281321	9606.ENSP00000328596	0	0	0	0	0.096	0	0	0.471	0.502
PRDM16	TMEM26	9606.ENSP00000270722	9606.ENSP00000382237	0	0	0	0	0	0	0	0.795	0.795
PRKACG	ROBO2	9606.ENSP00000366488	9606.ENSP00000417335	0	0	0	0	0	0	0.500	0.135	0.549
RGS7BP	SBK1	9606.ENSP00000334851	9606.ENSP00000343248	0	0	0	0	0.068	0	0	0.429	0.445
RHOC	THBS1	9606.ENSP00000285735	9606.ENSP00000260356	0	0	0	0	0.074	0.078	0	0.412	0.455
ROBO2	SOX17	9606.ENSP00000417335	9606.ENSP00000297316	0	0	0	0	0.111	0	0	0.763	0.781
RPL39L	UBL4B	9606.ENSP00000389356	9606.ENSP00000334044	0	0	0	0	0.110	0.418	0	0.348	0.633
RSAD2	SLFN13	9606.ENSP00000371471	9606.ENSP00000285013	0	0	0	0	0.123	0	0	0.417	0.468
RSAD2	SIGLEC1	9606.ENSP00000371471	9606.ENSP00000341141	0	0	0	0	0.464	0	0	0.592	0.772
RSAD2	STAT1	9606.ENSP00000371471	9606.ENSP00000354394	0	0	0	0	0.719	0	0.500	0.667	0.949
SERPINB5	THBS1	9606.ENSP00000372221	9606.ENSP00000260356	0	0	0	0	0.049	0	0	0.425	0.430
SIGLEC1	XCR1	9606.ENSP00000341141	9606.ENSP00000310405	0	0	0	0	0.085	0.098	0	0.370	0.434
SIGLEC1	STAT1	9606.ENSP00000341141	9606.ENSP00000354394	0	0	0	0	0.143	0	0	0.375	0.442
SIGLEC1	SLAMF1	9606.ENSP00000341141	9606.ENSP00000438406	0	0	0	0	0.107	0	0	0.551	0.581
SLC25A4	TIMM8A	9606.ENSP00000281456	9606.ENSP00000361993	0	0	0	0	0.094	0	0.500	0.202	0.607
SOD2	SOD3	9606.ENSP00000446252	9606.ENSP00000371554	0	0	0	0	0.201	0.487	0	0.639	0.839
SOD2	TSTD1	9606.ENSP00000446252	9606.ENSP00000388293	0.042	0	0	0	0.111	0.643	0	0.251	0.742
SPATA16	SPATA19	9606.ENSP00000341765	9606.ENSP00000299140	0	0	0	0	0.179	0	0	0.353	0.446
SPRR3	TCN1	9606.ENSP00000330391	9606.ENSP00000257264	0	0	0	0	0.108	0.051	0	0.495	0.535
SRF	TCF21	9606.ENSP00000265354	9606.ENSP00000356857	0	0	0	0	0.042	0	0	0.506	0.506
SYCE1	SYNE1	9606.ENSP00000303978	9606.ENSP00000356224	0	0	0	0	0.068	0	0.500	0	0.514
